{"cameraMode":{"drawMode":0,"name":"Shaded","section":"Shading Mode"},"sceneLighting":true,"audioPlay":false,"sceneViewState":{"m_AlwaysRefresh":false,"showFog":true,"showSkybox":true,"showFlares":true,"showImageEffects":true,"showParticleSystems":true,"showVisualEffectGraphs":true,"m_FxEnabled":true},"in2DMode":false,"pivot":{"x":-0.035507429391145709,"y":-0.05044880881905556,"z":-0.05397840961813927},"rotation":{"x":-0.18768537044525147,"y":0.6982040405273438,"z":-0.19798490405082704,"w":-0.6618824005126953},"size":16.457630157470704,"orthographic":false}